corpus,n_transformer,n_serial,mean_t,mean_s,raw_p,holm_p,bh_fdr_p,holm_significant,bh_significant
csv,4,3,2.0819751920641267,1.9259898514366238,0.26235966276440287,1.0,0.7427274605065706,False,False
dna,4,3,4.402755862087901,4.44997851439651,0.7205757849781524,1.0,0.8406717491411779,False,False
math,4,3,5.009983950587065,4.702209072737609,0.4244156917180403,1.0,0.7427274605065706,False,False
python,4,3,0.43560866499497697,0.20762536732352221,0.34198532854998154,1.0,0.7427274605065706,False,False
random_ascii,4,3,8.350442878270396,8.369517588732691,0.8823425804730209,1.0,0.8823425804730209,False,False
shuffled_wikitext,4,3,10.334148559492721,10.12869005891497,0.2733115539269482,1.0,0.7427274605065706,False,False
wikitext,4,3,3.495435934028827,3.346253825776605,0.688024138124721,1.0,0.8406717491411779,False,False
