corpus,target_H,empirical_H,alphabet_size,n_chars
syn5,5.0,4.99999773319547,32,100000000
syn6,6.0,5.999995107963365,64,100000000
syn7,7.0,6.9999897574783745,128,100000000
