corpus,seed,target_H,empirical_H,BPT,BPSS_star,BPSS_over_H,train_loss,plateau_slope,steps,time_sec,n_params
syn5,42,4.99999773319547,4.99999773319547,2.105367015460438,1.2499883986574971,0.2499977930707254,1.462512493133545,-5.5168735072482786e-09,40000,9188.644261360168,85664256
syn5,137,4.99999773319547,4.99999773319547,2.105405835360364,1.2500114466221457,0.2500024026657449,1.4577232599258423,-2.8369966315932123e-08,40000,10730.360608100891,85664256
syn6,42,5.999995107963365,5.999995107963365,2.5265325429107346,1.5000084344042062,0.2500016095702065,1.7496862411499023,-2.1324107642292965e-08,40000,12080.916363477707,85679616
syn6,137,5.999995107963365,5.999995107963365,2.526559015431946,1.5000241512035835,0.2500042290389051,1.756374716758728,9.668551643560596e-09,40000,11976.083975791931,85679616
